old_url,new_url,http_status,path_changed,source,notes
https://sweet-home.co.il/,https://sweethome-immobilien.de/,301,no,phase4-sample,1:1 host swap; path+query preserved
https://sweet-home.co.il/en,https://sweethome-immobilien.de/en,301,no,phase4-sample,1:1 host swap; path+query preserved
https://sweet-home.co.il/about,https://sweethome-immobilien.de/about,301,no,phase4-sample,1:1 host swap; path+query preserved
https://sweet-home.co.il/contact,https://sweethome-immobilien.de/contact,301,no,phase4-sample,1:1 host swap; path+query preserved
https://sweet-home.co.il/properties,https://sweethome-immobilien.de/properties,301,no,phase4-sample,1:1 host swap; path+query preserved
https://sweet-home.co.il/projects,https://sweethome-immobilien.de/projects,301,no,phase4-sample,1:1 host swap; path+query preserved
https://sweet-home.co.il/blog,https://sweethome-immobilien.de/blog,301,no,phase4-sample,1:1 host swap; path+query preserved
https://sweet-home.co.il/wohnungen-berlin-kaufen,https://sweethome-immobilien.de/wohnungen-berlin-kaufen,301,no,phase4-sample,1:1 host swap; path+query preserved
https://sweet-home.co.il/wohnung-kaufen-moabit,https://sweethome-immobilien.de/wohnung-kaufen-moabit,301,no,phase4-sample,1:1 host swap; path+query preserved
https://sweet-home.co.il/immobilien-dubai-kaufen,https://sweethome-immobilien.de/immobilien-dubai-kaufen,301,no,phase4-sample,1:1 host swap; path+query preserved
https://sweet-home.co.il/immobilien-zypern-kaufen,https://sweethome-immobilien.de/immobilien-zypern-kaufen,301,no,phase4-sample,1:1 host swap; path+query preserved
https://sweet-home.co.il/en/properties-for-sale-berlin,https://sweethome-immobilien.de/en/properties-for-sale-berlin,301,no,phase4-sample,1:1 host swap; path+query preserved
https://sweet-home.co.il/en/properties-for-sale-dubai,https://sweethome-immobilien.de/en/properties-for-sale-dubai,301,no,phase4-sample,1:1 host swap; path+query preserved
https://sweet-home.co.il/en/properties-for-sale-cyprus,https://sweethome-immobilien.de/en/properties-for-sale-cyprus,301,no,phase4-sample,1:1 host swap; path+query preserved
https://sweet-home.co.il/berlin-mieter-belegte-einstiegsstrategie,https://sweethome-immobilien.de/berlin-mieter-belegte-einstiegsstrategie,301,no,phase4-sample,1:1 host swap; path+query preserved
https://sweet-home.co.il/en/berlin-tenant-occupied-entry-strategy,https://sweethome-immobilien.de/en/berlin-tenant-occupied-entry-strategy,301,no,phase4-sample,1:1 host swap; path+query preserved
https://sweet-home.co.il/properties?country=Germany&city=Berlin,https://sweethome-immobilien.de/properties?country=Germany&city=Berlin,301,no,phase4-sample,1:1 host swap; path+query preserved
https://sweet-home.co.il/blog?page=2,https://sweethome-immobilien.de/blog?page=2,301,no,phase4-sample,1:1 host swap; path+query preserved
https://sweet-home.co.il/blog?page=1,https://sweethome-immobilien.de/blog?page=1,301,no,phase4-sample,1:1 host swap; path+query preserved
https://sweet-home.co.il/de/about,https://sweethome-immobilien.de/de/about,301,no,phase4-sample,1:1 host swap; path+query preserved
https://sweet-home.co.il/de/en/about,https://sweethome-immobilien.de/de/en/about,301,no,phase4-sample,1:1 host swap; path+query preserved
https://sweet-home.co.il/es/about,https://sweethome-immobilien.de/es/about,301,no,phase4-sample,1:1 host swap; path+query preserved
https://sweet-home.co.il/lang/es,https://sweethome-immobilien.de/lang/es,301,no,phase4-sample,1:1 host swap; path+query preserved
https://sweet-home.co.il/sitemap.xml,https://sweethome-immobilien.de/sitemap.xml,301,no,phase4-sample,1:1 host swap; path+query preserved
https://sweet-home.co.il/robots.txt,https://sweethome-immobilien.de/robots.txt,301,no,phase4-sample,1:1 host swap; path+query preserved
https://sweet-home.co.il/privacy,https://sweethome-immobilien.de/privacy,301,no,sitemap,1:1 host swap; path+query preserved
https://sweet-home.co.il/terms,https://sweethome-immobilien.de/terms,301,no,sitemap,1:1 host swap; path+query preserved
https://sweet-home.co.il/cookies,https://sweethome-immobilien.de/cookies,301,no,sitemap,1:1 host swap; path+query preserved
https://sweet-home.co.il/services,https://sweethome-immobilien.de/services,301,no,sitemap,1:1 host swap; path+query preserved
https://sweet-home.co.il/owners,https://sweethome-immobilien.de/owners,301,no,sitemap,1:1 host swap; path+query preserved
https://sweet-home.co.il/en/about,https://sweethome-immobilien.de/en/about,301,no,sitemap,1:1 host swap; path+query preserved
https://sweet-home.co.il/en/contact,https://sweethome-immobilien.de/en/contact,301,no,sitemap,1:1 host swap; path+query preserved
https://sweet-home.co.il/en/projects,https://sweethome-immobilien.de/en/projects,301,no,sitemap,1:1 host swap; path+query preserved
https://sweet-home.co.il/en/properties,https://sweethome-immobilien.de/en/properties,301,no,sitemap,1:1 host swap; path+query preserved
https://sweet-home.co.il/en/blog,https://sweethome-immobilien.de/en/blog,301,no,sitemap,1:1 host swap; path+query preserved
https://sweet-home.co.il/en/privacy,https://sweethome-immobilien.de/en/privacy,301,no,sitemap,1:1 host swap; path+query preserved
https://sweet-home.co.il/en/terms,https://sweethome-immobilien.de/en/terms,301,no,sitemap,1:1 host swap; path+query preserved
https://sweet-home.co.il/en/cookies,https://sweethome-immobilien.de/en/cookies,301,no,sitemap,1:1 host swap; path+query preserved
https://sweet-home.co.il/en/services,https://sweethome-immobilien.de/en/services,301,no,sitemap,1:1 host swap; path+query preserved
https://sweet-home.co.il/en/owners,https://sweethome-immobilien.de/en/owners,301,no,sitemap,1:1 host swap; path+query preserved
https://sweet-home.co.il/villa-kaufen-dubai,https://sweethome-immobilien.de/villa-kaufen-dubai,301,no,sitemap,1:1 host swap; path+query preserved
https://sweet-home.co.il/en/villas-for-sale-cyprus,https://sweethome-immobilien.de/en/villas-for-sale-cyprus,301,no,sitemap,1:1 host swap; path+query preserved
https://sweet-home.co.il/properties/for-sale/germany,https://sweethome-immobilien.de/properties/for-sale/germany,301,no,sitemap,1:1 host swap; path+query preserved
https://sweet-home.co.il/properties/for-sale/germany/berlin,https://sweethome-immobilien.de/properties/for-sale/germany/berlin,301,no,sitemap,1:1 host swap; path+query preserved
https://sweet-home.co.il/properties/for-sale/uae,https://sweethome-immobilien.de/properties/for-sale/uae,301,no,sitemap,1:1 host swap; path+query preserved
https://sweet-home.co.il/properties/for-sale/uae/dubai,https://sweethome-immobilien.de/properties/for-sale/uae/dubai,301,no,sitemap,1:1 host swap; path+query preserved
https://sweet-home.co.il/properties/for-sale/cyprus,https://sweethome-immobilien.de/properties/for-sale/cyprus,301,no,sitemap,1:1 host swap; path+query preserved
https://sweet-home.co.il/properties/for-sale/cyprus/paphos,https://sweethome-immobilien.de/properties/for-sale/cyprus/paphos,301,no,sitemap,1:1 host swap; path+query preserved
https://sweet-home.co.il/en/properties/for-sale/germany,https://sweethome-immobilien.de/en/properties/for-sale/germany,301,no,sitemap,1:1 host swap; path+query preserved
https://sweet-home.co.il/en/properties/for-sale/germany/berlin,https://sweethome-immobilien.de/en/properties/for-sale/germany/berlin,301,no,sitemap,1:1 host swap; path+query preserved
https://sweet-home.co.il/en/properties/for-sale/uae,https://sweethome-immobilien.de/en/properties/for-sale/uae,301,no,sitemap,1:1 host swap; path+query preserved
https://sweet-home.co.il/en/properties/for-sale/uae/dubai,https://sweethome-immobilien.de/en/properties/for-sale/uae/dubai,301,no,sitemap,1:1 host swap; path+query preserved
https://sweet-home.co.il/en/properties/for-sale/cyprus,https://sweethome-immobilien.de/en/properties/for-sale/cyprus,301,no,sitemap,1:1 host swap; path+query preserved
https://sweet-home.co.il/en/properties/for-sale/cyprus/paphos,https://sweethome-immobilien.de/en/properties/for-sale/cyprus/paphos,301,no,sitemap,1:1 host swap; path+query preserved
https://sweet-home.co.il/wohnung-kaufen-charlottenburg,https://sweethome-immobilien.de/wohnung-kaufen-charlottenburg,301,no,sitemap,1:1 host swap; path+query preserved
https://sweet-home.co.il/wohnung-kaufen-friedrichshain-kreuzberg,https://sweethome-immobilien.de/wohnung-kaufen-friedrichshain-kreuzberg,301,no,sitemap,1:1 host swap; path+query preserved
https://sweet-home.co.il/wohnung-kaufen-schoeneberg,https://sweethome-immobilien.de/wohnung-kaufen-schoeneberg,301,no,sitemap,1:1 host swap; path+query preserved
https://sweet-home.co.il/wohnung-kaufen-prenzlauer-berg,https://sweethome-immobilien.de/wohnung-kaufen-prenzlauer-berg,301,no,sitemap,1:1 host swap; path+query preserved
https://sweet-home.co.il/wohnung-kaufen-wedding,https://sweethome-immobilien.de/wohnung-kaufen-wedding,301,no,sitemap,1:1 host swap; path+query preserved
https://sweet-home.co.il/wohnung-kaufen-tempelhof,https://sweethome-immobilien.de/wohnung-kaufen-tempelhof,301,no,sitemap,1:1 host swap; path+query preserved
https://sweet-home.co.il/wohnung-kaufen-neukoelln,https://sweethome-immobilien.de/wohnung-kaufen-neukoelln,301,no,sitemap,1:1 host swap; path+query preserved
https://sweet-home.co.il/wohnung-kaufen-reinickendorf,https://sweethome-immobilien.de/wohnung-kaufen-reinickendorf,301,no,sitemap,1:1 host swap; path+query preserved
https://sweet-home.co.il/wohnung-kaufen-kreuzberg,https://sweethome-immobilien.de/wohnung-kaufen-kreuzberg,301,no,sitemap,1:1 host swap; path+query preserved
https://sweet-home.co.il/wohnung-kaufen-spandau,https://sweethome-immobilien.de/wohnung-kaufen-spandau,301,no,sitemap,1:1 host swap; path+query preserved
https://sweet-home.co.il/properties/1-zimmer-wohnung-in-top-lage-nahe-kadewe-bezgsfrei-ab-01062026,https://sweethome-immobilien.de/properties/1-zimmer-wohnung-in-top-lage-nahe-kadewe-bezgsfrei-ab-01062026,301,no,sitemap,1:1 host swap; path+query preserved
https://sweet-home.co.il/properties/bezugsfreie-altbauwohnung-mit-charme-im-beliebten-stephankiez-3-zimmer-lichtdurchflutet,https://sweethome-immobilien.de/properties/bezugsfreie-altbauwohnung-mit-charme-im-beliebten-stephankiez-3-zimmer-lichtdurchflutet,301,no,sitemap,1:1 host swap; path+query preserved
https://sweet-home.co.il/properties/charmante-4-zimmer-altbauwohnung-mit-loggia-in-moabit-bezugsfreie,https://sweethome-immobilien.de/properties/charmante-4-zimmer-altbauwohnung-mit-loggia-in-moabit-bezugsfreie,301,no,sitemap,1:1 host swap; path+query preserved
https://sweet-home.co.il/properties/3-bedroom-villa-amore-hills-by-medousa-developers,https://sweethome-immobilien.de/properties/3-bedroom-villa-amore-hills-by-medousa-developers,301,no,sitemap,1:1 host swap; path+query preserved
https://sweet-home.co.il/properties/4-bedroom-villa-amore-hills-by-medousa-developers,https://sweethome-immobilien.de/properties/4-bedroom-villa-amore-hills-by-medousa-developers,301,no,sitemap,1:1 host swap; path+query preserved
https://sweet-home.co.il/properties/3-zimmer-wohnungen-ab-230000-euro-als-attraktive-kapitalanlage,https://sweethome-immobilien.de/properties/3-zimmer-wohnungen-ab-230000-euro-als-attraktive-kapitalanlage,301,no,sitemap,1:1 host swap; path+query preserved
https://sweet-home.co.il/properties/3-zimmer-wohnung-in-moabit-mit-balkon-kapitalanlage,https://sweethome-immobilien.de/properties/3-zimmer-wohnung-in-moabit-mit-balkon-kapitalanlage,301,no,sitemap,1:1 host swap; path+query preserved
https://sweet-home.co.il/properties/bezugsfrei-geraumige-4-zimmer-wohnung-in-moabit,https://sweethome-immobilien.de/properties/bezugsfrei-geraumige-4-zimmer-wohnung-in-moabit,301,no,sitemap,1:1 host swap; path+query preserved
https://sweet-home.co.il/properties/grosszugige-98-m-3-zimmer-wohnung-in-berlin-moabit-attraktive-kapitalanlage-mit-eigenbedarfsperspektive,https://sweethome-immobilien.de/properties/grosszugige-98-m-3-zimmer-wohnung-in-berlin-moabit-attraktive-kapitalanlage-mit-eigenbedarfsperspektive,301,no,sitemap,1:1 host swap; path+query preserved
https://sweet-home.co.il/properties/charmante-3-zimmer-altbauwohnung-sichere-kapitalanlage,https://sweethome-immobilien.de/properties/charmante-3-zimmer-altbauwohnung-sichere-kapitalanlage,301,no,sitemap,1:1 host swap; path+query preserved
https://sweet-home.co.il/properties/attraktive-3-zimmer-altbauwohnung-als-kapitalanlage-in-berlin-moabit-vermietet,https://sweethome-immobilien.de/properties/attraktive-3-zimmer-altbauwohnung-als-kapitalanlage-in-berlin-moabit-vermietet,301,no,sitemap,1:1 host swap; path+query preserved
https://sweet-home.co.il/properties/grosszugige-4-zimmer-wohnung-in-berlin-spandau-ideal-zur-eigennutzung,https://sweethome-immobilien.de/properties/grosszugige-4-zimmer-wohnung-in-berlin-spandau-ideal-zur-eigennutzung,301,no,sitemap,1:1 host swap; path+query preserved
https://sweet-home.co.il/properties/top-kapitalanlage-in-weissensee,https://sweethome-immobilien.de/properties/top-kapitalanlage-in-weissensee,301,no,sitemap,1:1 host swap; path+query preserved
https://sweet-home.co.il/properties/charmante-altbauwohnung-mit-renovierungspotenzial-in-berlin-neukolln-2-zimmer-62-m,https://sweethome-immobilien.de/properties/charmante-altbauwohnung-mit-renovierungspotenzial-in-berlin-neukolln-2-zimmer-62-m,301,no,sitemap,1:1 host swap; path+query preserved
https://sweet-home.co.il/properties/3-room-apartment-for-sale-suitable-for-owner-occupation-or-as-an-investment,https://sweethome-immobilien.de/properties/3-room-apartment-for-sale-suitable-for-owner-occupation-or-as-an-investment,301,no,sitemap,1:1 host swap; path+query preserved
https://sweet-home.co.il/properties/charmante-2-zimmer-wohnung-mit-balkon-in-berlin-helle-raumaufteilung-and-attraktives-investment,https://sweethome-immobilien.de/properties/charmante-2-zimmer-wohnung-mit-balkon-in-berlin-helle-raumaufteilung-and-attraktives-investment,301,no,sitemap,1:1 host swap; path+query preserved
https://sweet-home.co.il/properties/vermietete-2-zimmer-altbauwohnung-in-berlin-charlottenburg-attraktive-kapitalanlage,https://sweethome-immobilien.de/properties/vermietete-2-zimmer-altbauwohnung-in-berlin-charlottenburg-attraktive-kapitalanlage,301,no,sitemap,1:1 host swap; path+query preserved
https://sweet-home.co.il/properties/vermietete-kapitalanlage-in-berlin-charlottenburg-7958-m-altbauwohnung-mit-fernwarme,https://sweethome-immobilien.de/properties/vermietete-kapitalanlage-in-berlin-charlottenburg-7958-m-altbauwohnung-mit-fernwarme,301,no,sitemap,1:1 host swap; path+query preserved
https://sweet-home.co.il/properties/2-zimmer-erdgeschosswohnung-mit-vielseitigem-nutzungspotenzial,https://sweethome-immobilien.de/properties/2-zimmer-erdgeschosswohnung-mit-vielseitigem-nutzungspotenzial,301,no,sitemap,1:1 host swap; path+query preserved
https://sweet-home.co.il/properties/3-bedroom-villa-aurelia-homes-by-medousa-developers,https://sweethome-immobilien.de/properties/3-bedroom-villa-aurelia-homes-by-medousa-developers,301,no,sitemap,1:1 host swap; path+query preserved
https://sweet-home.co.il/properties/attraktive-3-zimmer-wohnung-mit-balkon-aufzug-in-berlin-moabit-kapitalanlage-oder-eigennutzung,https://sweethome-immobilien.de/properties/attraktive-3-zimmer-wohnung-mit-balkon-aufzug-in-berlin-moabit-kapitalanlage-oder-eigennutzung,301,no,sitemap,1:1 host swap; path+query preserved
https://sweet-home.co.il/properties/optimal-geschnittene-3-zi-whg-in-prenzlauer-bergkeine-sperrfrist,https://sweethome-immobilien.de/properties/optimal-geschnittene-3-zi-whg-in-prenzlauer-bergkeine-sperrfrist,301,no,sitemap,1:1 host swap; path+query preserved
https://sweet-home.co.il/properties/grosse-2-zimmer-wohnung-mit-balkon,https://sweethome-immobilien.de/properties/grosse-2-zimmer-wohnung-mit-balkon,301,no,sitemap,1:1 host swap; path+query preserved
https://sweet-home.co.il/properties/large-2-room-apartment-in-moabit-available-for-owner-occupancy-from-2030,https://sweethome-immobilien.de/properties/large-2-room-apartment-in-moabit-available-for-owner-occupancy-from-2030,301,no,sitemap,1:1 host swap; path+query preserved
https://sweet-home.co.il/properties/2-rooms-apartment-with-balcony-in-alt-wittenau-empty-from-122026,https://sweethome-immobilien.de/properties/2-rooms-apartment-with-balcony-in-alt-wittenau-empty-from-122026,301,no,sitemap,1:1 host swap; path+query preserved
https://sweet-home.co.il/properties/2-room-apartment-near-charlottenburg-palace-self-occupancy-possible,https://sweethome-immobilien.de/properties/2-room-apartment-near-charlottenburg-palace-self-occupancy-possible,301,no,sitemap,1:1 host swap; path+query preserved
https://sweet-home.co.il/properties/25-room-apartment-on-the-top-floor-in-kreuzberg-suitable-for-owner-occupancy,https://sweethome-immobilien.de/properties/25-room-apartment-on-the-top-floor-in-kreuzberg-suitable-for-owner-occupancy,301,no,sitemap,1:1 host swap; path+query preserved
https://sweet-home.co.il/properties/tolle-3-zimmer-wohnung-mit-balkon-und-fahrstuhl,https://sweethome-immobilien.de/properties/tolle-3-zimmer-wohnung-mit-balkon-und-fahrstuhl,301,no,sitemap,1:1 host swap; path+query preserved
https://sweet-home.co.il/properties/2-room-apartment-near-potsdamer-platz-self-use-possible-from-2027,https://sweethome-immobilien.de/properties/2-room-apartment-near-potsdamer-platz-self-use-possible-from-2027,301,no,sitemap,1:1 host swap; path+query preserved
https://sweet-home.co.il/properties/charming-studio-apartment-in-a-quiet-courtyard,https://sweethome-immobilien.de/properties/charming-studio-apartment-in-a-quiet-courtyard,301,no,sitemap,1:1 host swap; path+query preserved
https://sweet-home.co.il/properties/top-geschnittene-3-zi-wohnung-eigenbedarf-ab-2029,https://sweethome-immobilien.de/properties/top-geschnittene-3-zi-wohnung-eigenbedarf-ab-2029,301,no,sitemap,1:1 host swap; path+query preserved
https://sweet-home.co.il/properties/2-zimmer-wohnung-mit-loggia-und-tageslichtbad-we07,https://sweethome-immobilien.de/properties/2-zimmer-wohnung-mit-loggia-und-tageslichtbad-we07,301,no,sitemap,1:1 host swap; path+query preserved
https://sweet-home.co.il/properties/2-zimmer-wohnung-mit-balkon-kapitalanlage-we12,https://sweethome-immobilien.de/properties/2-zimmer-wohnung-mit-balkon-kapitalanlage-we12,301,no,sitemap,1:1 host swap; path+query preserved
https://sweet-home.co.il/properties/wieland-and-pestalozzi-by-dandh-4-room-apartment-top-floor,https://sweethome-immobilien.de/properties/wieland-and-pestalozzi-by-dandh-4-room-apartment-top-floor,301,no,sitemap,1:1 host swap; path+query preserved
https://sweet-home.co.il/properties/2-room-apartment-am-winterfeldt-by-dandh,https://sweethome-immobilien.de/properties/2-room-apartment-am-winterfeldt-by-dandh,301,no,sitemap,1:1 host swap; path+query preserved
https://sweet-home.co.il/properties/5-room-apartment-am-winterfeldt-by-dandh,https://sweethome-immobilien.de/properties/5-room-apartment-am-winterfeldt-by-dandh,301,no,sitemap,1:1 host swap; path+query preserved
https://sweet-home.co.il/properties/4-room-apartment-eckert-carre-by-dandh,https://sweethome-immobilien.de/properties/4-room-apartment-eckert-carre-by-dandh,301,no,sitemap,1:1 host swap; path+query preserved
https://sweet-home.co.il/properties/1-room-apartment-the-franz-by-dandh,https://sweethome-immobilien.de/properties/1-room-apartment-the-franz-by-dandh,301,no,sitemap,1:1 host swap; path+query preserved
https://sweet-home.co.il/properties/3-room-apartment-by-dandh-the-franz,https://sweethome-immobilien.de/properties/3-room-apartment-by-dandh-the-franz,301,no,sitemap,1:1 host swap; path+query preserved
https://sweet-home.co.il/properties/4-room-apartment-by-dandh-the-franz,https://sweethome-immobilien.de/properties/4-room-apartment-by-dandh-the-franz,301,no,sitemap,1:1 host swap; path+query preserved
https://sweet-home.co.il/properties/2-room-apartment-by-dandh-marshall-one,https://sweethome-immobilien.de/properties/2-room-apartment-by-dandh-marshall-one,301,no,sitemap,1:1 host swap; path+query preserved
https://sweet-home.co.il/properties/2-room-apartment-hansastrasse-16-wedding,https://sweethome-immobilien.de/properties/2-room-apartment-hansastrasse-16-wedding,301,no,sitemap,1:1 host swap; path+query preserved
https://sweet-home.co.il/properties/2-zimmer-wohnung-im-herzen-von-charlottenburg-selbstnutzung-in-9-monaten-moglich,https://sweethome-immobilien.de/properties/2-zimmer-wohnung-im-herzen-von-charlottenburg-selbstnutzung-in-9-monaten-moglich,301,no,sitemap,1:1 host swap; path+query preserved
https://sweet-home.co.il/properties/kapitalanlage-in-berlin-moabit-vermietete-2-zimmer-altbauwohnung-7629-m,https://sweethome-immobilien.de/properties/kapitalanlage-in-berlin-moabit-vermietete-2-zimmer-altbauwohnung-7629-m,301,no,sitemap,1:1 host swap; path+query preserved
https://sweet-home.co.il/properties/kapitalanlage-in-berlin-prenzlauer-berg-vermietete-2-zimmer-wohnung-mit-5993-m,https://sweethome-immobilien.de/properties/kapitalanlage-in-berlin-prenzlauer-berg-vermietete-2-zimmer-wohnung-mit-5993-m,301,no,sitemap,1:1 host swap; path+query preserved
https://sweet-home.co.il/properties/eigentumswohnung-mit-balkon-in-mariendorf-eigenbedarf-moglich,https://sweethome-immobilien.de/properties/eigentumswohnung-mit-balkon-in-mariendorf-eigenbedarf-moglich,301,no,sitemap,1:1 host swap; path+query preserved
https://sweet-home.co.il/properties/2-zimmer-wohnung-charlottenburg-tiergarten,https://sweethome-immobilien.de/properties/2-zimmer-wohnung-charlottenburg-tiergarten,301,no,sitemap,1:1 host swap; path+query preserved
https://sweet-home.co.il/properties/kompakte-1-zimmer-wohnung-in-berlin-kreuzberg-ideal-zur-eigennutzung,https://sweethome-immobilien.de/properties/kompakte-1-zimmer-wohnung-in-berlin-kreuzberg-ideal-zur-eigennutzung,301,no,sitemap,1:1 host swap; path+query preserved
https://sweet-home.co.il/properties/attraktive-2-zimmer-eigentumswohnung-in-lichtenberg-mit-perspektive-zur-eigennutzung-ab-2030,https://sweethome-immobilien.de/properties/attraktive-2-zimmer-eigentumswohnung-in-lichtenberg-mit-perspektive-zur-eigennutzung-ab-2030,301,no,sitemap,1:1 host swap; path+query preserved
https://sweet-home.co.il/properties/wohnung-in-schoneberg-potenzial-zur-eigennutzung,https://sweethome-immobilien.de/properties/wohnung-in-schoneberg-potenzial-zur-eigennutzung,301,no,sitemap,1:1 host swap; path+query preserved
https://sweet-home.co.il/properties/kapitalanlage-in-friedrichshain-vermietete-wohnung,https://sweethome-immobilien.de/properties/kapitalanlage-in-friedrichshain-vermietete-wohnung,301,no,sitemap,1:1 host swap; path+query preserved
https://sweet-home.co.il/properties/grosszugige-2-zimmer-wohnung-in-berlin-neukolln-or-attraktive-kapitalanlage,https://sweethome-immobilien.de/properties/grosszugige-2-zimmer-wohnung-in-berlin-neukolln-or-attraktive-kapitalanlage,301,no,sitemap,1:1 host swap; path+query preserved
https://sweet-home.co.il/properties/4-bedroom-villa-aurelia-homes-by-medousa-developers,https://sweethome-immobilien.de/properties/4-bedroom-villa-aurelia-homes-by-medousa-developers,301,no,sitemap,1:1 host swap; path+query preserved
https://sweet-home.co.il/properties/3-bedroom-apartment-azure-living-by-medousa-developers,https://sweethome-immobilien.de/properties/3-bedroom-apartment-azure-living-by-medousa-developers,301,no,sitemap,1:1 host swap; path+query preserved
https://sweet-home.co.il/properties/2-bedroom-apartment-azure-living-by-medousa-developers,https://sweethome-immobilien.de/properties/2-bedroom-apartment-azure-living-by-medousa-developers,301,no,sitemap,1:1 host swap; path+query preserved
https://sweet-home.co.il/properties/sanierungsbedurftige-altbauwohnung-eigennutzung-ab-2030,https://sweethome-immobilien.de/properties/sanierungsbedurftige-altbauwohnung-eigennutzung-ab-2030,301,no,sitemap,1:1 host swap; path+query preserved
https://sweet-home.co.il/properties/3-zimmer-wohnung-mit-sudbalkon-in-ruhiger-lage-von-moabit-ideal-fur-eigennutzer-oder-kapitalanlegeraktuell-vermietet,https://sweethome-immobilien.de/properties/3-zimmer-wohnung-mit-sudbalkon-in-ruhiger-lage-von-moabit-ideal-fur-eigennutzer-oder-kapitalanlegeraktuell-vermietet,301,no,sitemap,1:1 host swap; path+query preserved
https://sweet-home.co.il/properties/attraktive-3-zimmer-wohnung-mit-balkon-aufzug-in-berlin-moabit-eigenbedarf-moglichaktuell-vermietet,https://sweethome-immobilien.de/properties/attraktive-3-zimmer-wohnung-mit-balkon-aufzug-in-berlin-moabit-eigenbedarf-moglichaktuell-vermietet,301,no,sitemap,1:1 host swap; path+query preserved
https://sweet-home.co.il/properties/3-room-apartment-in-moabit-with-balcony-investment,https://sweethome-immobilien.de/properties/3-room-apartment-in-moabit-with-balcony-investment,301,no,sitemap,1:1 host swap; path+query preserved
https://sweet-home.co.il/properties/renovated-historic-apartment-in-moabit-berlin,https://sweethome-immobilien.de/properties/renovated-historic-apartment-in-moabit-berlin,301,no,sitemap,1:1 host swap; path+query preserved
https://sweet-home.co.il/properties/3-zimmer-wohnung-im-erdgeschoss-in-zentraler-lage-von-moabit-ideal-zur-eigennutzung,https://sweethome-immobilien.de/properties/3-zimmer-wohnung-im-erdgeschoss-in-zentraler-lage-von-moabit-ideal-zur-eigennutzung,301,no,sitemap,1:1 host swap; path+query preserved
https://sweet-home.co.il/properties/grosse-2-zimmer-wohnung-mit-balkon-kapitalanlage,https://sweethome-immobilien.de/properties/grosse-2-zimmer-wohnung-mit-balkon-kapitalanlage,301,no,sitemap,1:1 host swap; path+query preserved
https://sweet-home.co.il/properties/2-zimmer-eigentumswohnung-mit-balkon-in-berlin-mitte-eigennutzung-ab-anfang-2027-moglich,https://sweethome-immobilien.de/properties/2-zimmer-eigentumswohnung-mit-balkon-in-berlin-mitte-eigennutzung-ab-anfang-2027-moglich,301,no,sitemap,1:1 host swap; path+query preserved
https://sweet-home.co.il/properties/attraktive-kapitalanlage-in-berlin-prenzlauer-berg-25-zimmer-wohnung-57-m,https://sweethome-immobilien.de/properties/attraktive-kapitalanlage-in-berlin-prenzlauer-berg-25-zimmer-wohnung-57-m,301,no,sitemap,1:1 host swap; path+query preserved
https://sweet-home.co.il/properties/well-maintained-condominium-in-the-quiet-rear-building-with-owner-occupation-possible-from-2030,https://sweethome-immobilien.de/properties/well-maintained-condominium-in-the-quiet-rear-building-with-owner-occupation-possible-from-2030,301,no,sitemap,1:1 host swap; path+query preserved
https://sweet-home.co.il/properties/two-room-apartment-with-balcony-in-mariendorf-berlin,https://sweethome-immobilien.de/properties/two-room-apartment-with-balcony-in-mariendorf-berlin,301,no,sitemap,1:1 host swap; path+query preserved
https://sweet-home.co.il/properties/helle-2-zimmer-wohnung-mit-potenzial-in-ruhiger-lage-von-neukolln-eigenbedarf-moglich,https://sweethome-immobilien.de/properties/helle-2-zimmer-wohnung-mit-potenzial-in-ruhiger-lage-von-neukolln-eigenbedarf-moglich,301,no,sitemap,1:1 host swap; path+query preserved
https://sweet-home.co.il/properties/schone-2-zimmer-wohnung-im-herzen-von-moabit-eigennedarf-ab-2029-moglich,https://sweethome-immobilien.de/properties/schone-2-zimmer-wohnung-im-herzen-von-moabit-eigennedarf-ab-2029-moglich,301,no,sitemap,1:1 host swap; path+query preserved
https://sweet-home.co.il/properties/charmante-altbauwohnung-in-berlin-wedding-eigennutzung-moglich,https://sweethome-immobilien.de/properties/charmante-altbauwohnung-in-berlin-wedding-eigennutzung-moglich,301,no,sitemap,1:1 host swap; path+query preserved
https://sweet-home.co.il/properties/attraktive-altbauwohnung-im-erdgeschoss-eigennutzung-moglich,https://sweethome-immobilien.de/properties/attraktive-altbauwohnung-im-erdgeschoss-eigennutzung-moglich,301,no,sitemap,1:1 host swap; path+query preserved
https://sweet-home.co.il/properties/altbauwohnung-in-berlin-charlottenburg-kapitalanlage-mit-wertsteigerungspotenzial,https://sweethome-immobilien.de/properties/altbauwohnung-in-berlin-charlottenburg-kapitalanlage-mit-wertsteigerungspotenzial,301,no,sitemap,1:1 host swap; path+query preserved
https://sweet-home.co.il/properties/charmante-dachgeschosswohnung-in-berlin-reinickendorf-bezugsfrei,https://sweethome-immobilien.de/properties/charmante-dachgeschosswohnung-in-berlin-reinickendorf-bezugsfrei,301,no,sitemap,1:1 host swap; path+query preserved
https://sweet-home.co.il/properties/3-room-apartment-in-wedding-leopoldkiez-for-owner-occupancy-from-2030,https://sweethome-immobilien.de/properties/3-room-apartment-in-wedding-leopoldkiez-for-owner-occupancy-from-2030,301,no,sitemap,1:1 host swap; path+query preserved
https://sweet-home.co.il/properties/furnished-2-room-apartment-in-prenzlauer-berg,https://sweethome-immobilien.de/properties/furnished-2-room-apartment-in-prenzlauer-berg,301,no,sitemap,1:1 host swap; path+query preserved
https://sweet-home.co.il/properties/vermietete-2-zimmer-altbauwohnung-eigenbedarf-ab-2031,https://sweethome-immobilien.de/properties/vermietete-2-zimmer-altbauwohnung-eigenbedarf-ab-2031,301,no,sitemap,1:1 host swap; path+query preserved
https://sweet-home.co.il/properties/3-room-apartment-in-the-center-of-schoneberg-available-for-owner-occupancy-from-2028,https://sweethome-immobilien.de/properties/3-room-apartment-in-the-center-of-schoneberg-available-for-owner-occupancy-from-2028,301,no,sitemap,1:1 host swap; path+query preserved
https://sweet-home.co.il/properties/kapitalanlage-wohnung-zu-einem-ausserst-attraktiven-preis-in-gesundbrunen,https://sweethome-immobilien.de/properties/kapitalanlage-wohnung-zu-einem-ausserst-attraktiven-preis-in-gesundbrunen,301,no,sitemap,1:1 host swap; path+query preserved
https://sweet-home.co.il/properties/2-zimmer-wohnung-nahe-potsdamer-platz-eigenbedarf-ab-2027,https://sweethome-immobilien.de/properties/2-zimmer-wohnung-nahe-potsdamer-platz-eigenbedarf-ab-2027,301,no,sitemap,1:1 host swap; path+query preserved
https://sweet-home.co.il/properties/beautiful-3-room-altbau-apartment-available-for-self-use-from-2029,https://sweethome-immobilien.de/properties/beautiful-3-room-altbau-apartment-available-for-self-use-from-2029,301,no,sitemap,1:1 host swap; path+query preserved
https://sweet-home.co.il/properties/2-room-apartment-in-charlottenburg-available-for-owner-occupancy-from-2028,https://sweethome-immobilien.de/properties/2-room-apartment-in-charlottenburg-available-for-owner-occupancy-from-2028,301,no,sitemap,1:1 host swap; path+query preserved
https://sweet-home.co.il/properties/5-room-apartment-marshall-one-by-dandh,https://sweethome-immobilien.de/properties/5-room-apartment-marshall-one-by-dandh,301,no,sitemap,1:1 host swap; path+query preserved
https://sweet-home.co.il/properties/2-room-apartment-marshall-one-by-dandh,https://sweethome-immobilien.de/properties/2-room-apartment-marshall-one-by-dandh,301,no,sitemap,1:1 host swap; path+query preserved
https://sweet-home.co.il/properties/4-room-apartment-marshall-one-by-dandh,https://sweethome-immobilien.de/properties/4-room-apartment-marshall-one-by-dandh,301,no,sitemap,1:1 host swap; path+query preserved
https://sweet-home.co.il/properties/3-room-apartment-marshall-one-by-dandh,https://sweethome-immobilien.de/properties/3-room-apartment-marshall-one-by-dandh,301,no,sitemap,1:1 host swap; path+query preserved
https://sweet-home.co.il/properties/3-room-apartment-the-franz-by-dandh,https://sweethome-immobilien.de/properties/3-room-apartment-the-franz-by-dandh,301,no,sitemap,1:1 host swap; path+query preserved
https://sweet-home.co.il/properties/4-room-apartment-the-franz-by-dandh,https://sweethome-immobilien.de/properties/4-room-apartment-the-franz-by-dandh,301,no,sitemap,1:1 host swap; path+query preserved
https://sweet-home.co.il/properties/4-room-apartment-by-dandh-eckert-carre,https://sweethome-immobilien.de/properties/4-room-apartment-by-dandh-eckert-carre,301,no,sitemap,1:1 host swap; path+query preserved
https://sweet-home.co.il/properties/3-room-apartment-by-dandh-eckert-carre,https://sweethome-immobilien.de/properties/3-room-apartment-by-dandh-eckert-carre,301,no,sitemap,1:1 host swap; path+query preserved
https://sweet-home.co.il/properties/3-room-apartment-eckert-carre-by-dandh,https://sweethome-immobilien.de/properties/3-room-apartment-eckert-carre-by-dandh,301,no,sitemap,1:1 host swap; path+query preserved
https://sweet-home.co.il/properties/2-room-apartment-eckert-carre-by-dandh,https://sweethome-immobilien.de/properties/2-room-apartment-eckert-carre-by-dandh,301,no,sitemap,1:1 host swap; path+query preserved
https://sweet-home.co.il/properties/wieland-and-pestalozzi-4-room-apartment-by-dandh,https://sweethome-immobilien.de/properties/wieland-and-pestalozzi-4-room-apartment-by-dandh,301,no,sitemap,1:1 host swap; path+query preserved
https://sweet-home.co.il/properties/wieland-and-pestalozzi-2-room-apartment-by-dandh,https://sweethome-immobilien.de/properties/wieland-and-pestalozzi-2-room-apartment-by-dandh,301,no,sitemap,1:1 host swap; path+query preserved
https://sweet-home.co.il/properties/wieland-and-pestalozzi-5-room-penthouse-by-dandh,https://sweethome-immobilien.de/properties/wieland-and-pestalozzi-5-room-penthouse-by-dandh,301,no,sitemap,1:1 host swap; path+query preserved
https://sweet-home.co.il/properties/3-room-apartment-am-winterfeldt-by-dandh,https://sweethome-immobilien.de/properties/3-room-apartment-am-winterfeldt-by-dandh,301,no,sitemap,1:1 host swap; path+query preserved
https://sweet-home.co.il/properties/studio-apartment-am-winterfeldt-by-dandh,https://sweethome-immobilien.de/properties/studio-apartment-am-winterfeldt-by-dandh,301,no,sitemap,1:1 host swap; path+query preserved
https://sweet-home.co.il/properties/4-room-apartment-am-winterfeldt-by-dandh,https://sweethome-immobilien.de/properties/4-room-apartment-am-winterfeldt-by-dandh,301,no,sitemap,1:1 host swap; path+query preserved
https://sweet-home.co.il/properties/kapitalanlage-vermietete-grosse-loft-1-zimmer-wohnung-eigenbedarf-ab-2030,https://sweethome-immobilien.de/properties/kapitalanlage-vermietete-grosse-loft-1-zimmer-wohnung-eigenbedarf-ab-2030,301,no,sitemap,1:1 host swap; path+query preserved
https://sweet-home.co.il/properties/geraumige-3-zimmer-wohnung-im-herzen-von-moabit-kapitalanlage-mit-stabiler-rendite,https://sweethome-immobilien.de/properties/geraumige-3-zimmer-wohnung-im-herzen-von-moabit-kapitalanlage-mit-stabiler-rendite,301,no,sitemap,1:1 host swap; path+query preserved
https://sweet-home.co.il/properties/helle-wohnung-im-3-og-mit-aufzug-in-moabit-ideal-zur-eigennutzung,https://sweethome-immobilien.de/properties/helle-wohnung-im-3-og-mit-aufzug-in-moabit-ideal-zur-eigennutzung,301,no,sitemap,1:1 host swap; path+query preserved
https://sweet-home.co.il/properties/bezugsfreie-altbauwohnung-mit-balkon-im-herzen-von-tiergarten,https://sweethome-immobilien.de/properties/bezugsfreie-altbauwohnung-mit-balkon-im-herzen-von-tiergarten,301,no,sitemap,1:1 host swap; path+query preserved
https://sweet-home.co.il/properties/2-room-apartment-steglizer-damm,https://sweethome-immobilien.de/properties/2-room-apartment-steglizer-damm,301,no,sitemap,1:1 host swap; path+query preserved
https://sweet-home.co.il/properties/neubau-dachgeschosswohnung-mit-terrasse-and-aufzug-or-2-zimmer-or-44-m-or-moabit,https://sweethome-immobilien.de/properties/neubau-dachgeschosswohnung-mit-terrasse-and-aufzug-or-2-zimmer-or-44-m-or-moabit,301,no,sitemap,1:1 host swap; path+query preserved
https://sweet-home.co.il/properties/2-rooms-apartment-in-tempelhof-empty-soon,https://sweethome-immobilien.de/properties/2-rooms-apartment-in-tempelhof-empty-soon,301,no,sitemap,1:1 host swap; path+query preserved
https://sweet-home.co.il/properties/charmante-2-zimmer-altbauwohnung-in-prenzlauer-berg-direkt-am-mauerpark-eigenbedarf-moglich,https://sweethome-immobilien.de/properties/charmante-2-zimmer-altbauwohnung-in-prenzlauer-berg-direkt-am-mauerpark-eigenbedarf-moglich,301,no,sitemap,1:1 host swap; path+query preserved
https://sweet-home.co.il/properties/25-zimmer-wohnung-in-berlin-prenzlauer-berg-vermietet-mit-eigennutzungspotenzial,https://sweethome-immobilien.de/properties/25-zimmer-wohnung-in-berlin-prenzlauer-berg-vermietet-mit-eigennutzungspotenzial,301,no,sitemap,1:1 host swap; path+query preserved
https://sweet-home.co.il/properties/1-bedroon-apartment-grigio-court-by-aristo-developers,https://sweethome-immobilien.de/properties/1-bedroon-apartment-grigio-court-by-aristo-developers,301,no,sitemap,1:1 host swap; path+query preserved
https://sweet-home.co.il/properties/2-bedroon-apartment-grigio-court-by-aristo-developers,https://sweethome-immobilien.de/properties/2-bedroon-apartment-grigio-court-by-aristo-developers,301,no,sitemap,1:1 host swap; path+query preserved
https://sweet-home.co.il/properties/3-bedroon-apartment-grigio-court-by-aristo-developers,https://sweethome-immobilien.de/properties/3-bedroon-apartment-grigio-court-by-aristo-developers,301,no,sitemap,1:1 host swap; path+query preserved
https://sweet-home.co.il/properties/2-bedroom-villa-trinity-residences-by-aristo-developers,https://sweethome-immobilien.de/properties/2-bedroom-villa-trinity-residences-by-aristo-developers,301,no,sitemap,1:1 host swap; path+query preserved
https://sweet-home.co.il/properties/3-bedroon-villa-premier-residences-by-aristo-developers,https://sweethome-immobilien.de/properties/3-bedroon-villa-premier-residences-by-aristo-developers,301,no,sitemap,1:1 host swap; path+query preserved
https://sweet-home.co.il/properties/3-bedroom-villa-trinity-residences-by-aristo-developments,https://sweethome-immobilien.de/properties/3-bedroom-villa-trinity-residences-by-aristo-developments,301,no,sitemap,1:1 host swap; path+query preserved
https://sweet-home.co.il/properties/2-bedroom-villa-premier-residences-by-aristo-developers,https://sweethome-immobilien.de/properties/2-bedroom-villa-premier-residences-by-aristo-developers,301,no,sitemap,1:1 host swap; path+query preserved
https://sweet-home.co.il/properties/3-bedroom-villa-meteora-residences-by-aristos,https://sweethome-immobilien.de/properties/3-bedroom-villa-meteora-residences-by-aristos,301,no,sitemap,1:1 host swap; path+query preserved
https://sweet-home.co.il/properties/1-bedroom-apartment-adonidos-gardens-by-medousa-developers,https://sweethome-immobilien.de/properties/1-bedroom-apartment-adonidos-gardens-by-medousa-developers,301,no,sitemap,1:1 host swap; path+query preserved
https://sweet-home.co.il/properties/2-bedroom-apartment-pearl-park-residences-by-aristos,https://sweethome-immobilien.de/properties/2-bedroom-apartment-pearl-park-residences-by-aristos,301,no,sitemap,1:1 host swap; path+query preserved
https://sweet-home.co.il/properties/zephyros-village-3-semi-detached-house-by-aristos,https://sweethome-immobilien.de/properties/zephyros-village-3-semi-detached-house-by-aristos,301,no,sitemap,1:1 host swap; path+query preserved
https://sweet-home.co.il/properties/3-bedroom-villa-angelonia-gardens-2-by-aristo,https://sweethome-immobilien.de/properties/3-bedroom-villa-angelonia-gardens-2-by-aristo,301,no,sitemap,1:1 host swap; path+query preserved
https://sweet-home.co.il/properties/3-bedroom-apartment-petridia-e-by-aristo,https://sweethome-immobilien.de/properties/3-bedroom-apartment-petridia-e-by-aristo,301,no,sitemap,1:1 host swap; path+query preserved
https://sweet-home.co.il/properties/4-bedroom-villa-azalea-villas-by-aristo,https://sweethome-immobilien.de/properties/4-bedroom-villa-azalea-villas-by-aristo,301,no,sitemap,1:1 host swap; path+query preserved
https://sweet-home.co.il/properties/5-bedroom-villa-azalea-villas-by-aristo,https://sweethome-immobilien.de/properties/5-bedroom-villa-azalea-villas-by-aristo,301,no,sitemap,1:1 host swap; path+query preserved
https://sweet-home.co.il/properties/studio-apartment-azizi-venice,https://sweethome-immobilien.de/properties/studio-apartment-azizi-venice,301,no,sitemap,1:1 host swap; path+query preserved
https://sweet-home.co.il/properties/1-bedroom-apartment-azizi-venice,https://sweethome-immobilien.de/properties/1-bedroom-apartment-azizi-venice,301,no,sitemap,1:1 host swap; path+query preserved
https://sweet-home.co.il/properties/2-bedroom-apartment-azizi-venice,https://sweethome-immobilien.de/properties/2-bedroom-apartment-azizi-venice,301,no,sitemap,1:1 host swap; path+query preserved
https://sweet-home.co.il/properties/3-bedroom-apartment-azizi-venice,https://sweethome-immobilien.de/properties/3-bedroom-apartment-azizi-venice,301,no,sitemap,1:1 host swap; path+query preserved
https://sweet-home.co.il/properties/5-bedroom-villa-3rd-row-cap-st-georges-resort-by-korantina,https://sweethome-immobilien.de/properties/5-bedroom-villa-3rd-row-cap-st-georges-resort-by-korantina,301,no,sitemap,1:1 host swap; path+query preserved
https://sweet-home.co.il/properties/studio-apartment-adonidos-gardens-by-medousa-developers,https://sweethome-immobilien.de/properties/studio-apartment-adonidos-gardens-by-medousa-developers,301,no,sitemap,1:1 host swap; path+query preserved
https://sweet-home.co.il/properties/2-bedroom-duplex-panorama-apartments-by-medousa-developers,https://sweethome-immobilien.de/properties/2-bedroom-duplex-panorama-apartments-by-medousa-developers,301,no,sitemap,1:1 host swap; path+query preserved
https://sweet-home.co.il/properties/2-bedroom-penthouse-panorama-apartments-by-medousa-developers,https://sweethome-immobilien.de/properties/2-bedroom-penthouse-panorama-apartments-by-medousa-developers,301,no,sitemap,1:1 host swap; path+query preserved
https://sweet-home.co.il/properties/2-bedroom-apartment-panorama-apartments-by-medousa-developers,https://sweethome-immobilien.de/properties/2-bedroom-apartment-panorama-apartments-by-medousa-developers,301,no,sitemap,1:1 host swap; path+query preserved
https://sweet-home.co.il/properties/1-bedroom-apartment-panorama-apartments-by-medousa-developers,https://sweethome-immobilien.de/properties/1-bedroom-apartment-panorama-apartments-by-medousa-developers,301,no,sitemap,1:1 host swap; path+query preserved
https://sweet-home.co.il/properties/3-bedroom-apartment-cypress-park-retirement-village-by-medousa-developers,https://sweethome-immobilien.de/properties/3-bedroom-apartment-cypress-park-retirement-village-by-medousa-developers,301,no,sitemap,1:1 host swap; path+query preserved
https://sweet-home.co.il/properties/2-bedroom-apartment-cypress-park-retirement-village-by-medousa-developers,https://sweethome-immobilien.de/properties/2-bedroom-apartment-cypress-park-retirement-village-by-medousa-developers,301,no,sitemap,1:1 host swap; path+query preserved
https://sweet-home.co.il/properties/1-bedroom-apartment-soho-resort-by-korantina,https://sweethome-immobilien.de/properties/1-bedroom-apartment-soho-resort-by-korantina,301,no,sitemap,1:1 host swap; path+query preserved
https://sweet-home.co.il/properties/3-bedroom-apartment-soho-resort-by-korantina,https://sweethome-immobilien.de/properties/3-bedroom-apartment-soho-resort-by-korantina,301,no,sitemap,1:1 host swap; path+query preserved
https://sweet-home.co.il/properties/1-bedroom-apartment-cypress-park-retirement-village-by-medousa-developers,https://sweethome-immobilien.de/properties/1-bedroom-apartment-cypress-park-retirement-village-by-medousa-developers,301,no,sitemap,1:1 host swap; path+query preserved
https://sweet-home.co.il/properties/3-bedroom-villa-2nd-row-cap-st-georges-resort-by-korantina,https://sweethome-immobilien.de/properties/3-bedroom-villa-2nd-row-cap-st-georges-resort-by-korantina,301,no,sitemap,1:1 host swap; path+query preserved
https://sweet-home.co.il/properties/4-bedroom-villa-front-row-cap-st-georges-resort-by-korantina,https://sweethome-immobilien.de/properties/4-bedroom-villa-front-row-cap-st-georges-resort-by-korantina,301,no,sitemap,1:1 host swap; path+query preserved
https://sweet-home.co.il/properties/3-bedroom-villa-sea-caves-by-korantina,https://sweethome-immobilien.de/properties/3-bedroom-villa-sea-caves-by-korantina,301,no,sitemap,1:1 host swap; path+query preserved
https://sweet-home.co.il/properties/4-bedroom-villa-sea-caves-by-korantina,https://sweethome-immobilien.de/properties/4-bedroom-villa-sea-caves-by-korantina,301,no,sitemap,1:1 host swap; path+query preserved
https://sweet-home.co.il/properties/2-bedroom-apartment-melania-by-aristos,https://sweethome-immobilien.de/properties/2-bedroom-apartment-melania-by-aristos,301,no,sitemap,1:1 host swap; path+query preserved
https://sweet-home.co.il/properties/3-bedroom-apartment-melania-by-aristos,https://sweethome-immobilien.de/properties/3-bedroom-apartment-melania-by-aristos,301,no,sitemap,1:1 host swap; path+query preserved
https://sweet-home.co.il/properties/2-bedroom-apartment-avora-court-by-aristos,https://sweethome-immobilien.de/properties/2-bedroom-apartment-avora-court-by-aristos,301,no,sitemap,1:1 host swap; path+query preserved
https://sweet-home.co.il/properties/3-bedrooms-apartment-avora-court-by-aristos,https://sweethome-immobilien.de/properties/3-bedrooms-apartment-avora-court-by-aristos,301,no,sitemap,1:1 host swap; path+query preserved
https://sweet-home.co.il/properties/2-bedrooms-maisonette-melania-by-aristos,https://sweethome-immobilien.de/properties/2-bedrooms-maisonette-melania-by-aristos,301,no,sitemap,1:1 host swap; path+query preserved
https://sweet-home.co.il/properties/3-bedroom-maisonette-melania-by-aristos,https://sweethome-immobilien.de/properties/3-bedroom-maisonette-melania-by-aristos,301,no,sitemap,1:1 host swap; path+query preserved
https://sweet-home.co.il/properties/2-bedroom-apartment-andriana-court-by-aristos,https://sweethome-immobilien.de/properties/2-bedroom-apartment-andriana-court-by-aristos,301,no,sitemap,1:1 host swap; path+query preserved
https://sweet-home.co.il/properties/3-bedroom-apartment-andriana-court-by-aristos,https://sweethome-immobilien.de/properties/3-bedroom-apartment-andriana-court-by-aristos,301,no,sitemap,1:1 host swap; path+query preserved
https://sweet-home.co.il/properties/2-bedrooms-apartment-galaxy-residences-by-aristos,https://sweethome-immobilien.de/properties/2-bedrooms-apartment-galaxy-residences-by-aristos,301,no,sitemap,1:1 host swap; path+query preserved
https://sweet-home.co.il/properties/3-bedrooms-apartment-galaxy-residences-by-aristos,https://sweethome-immobilien.de/properties/3-bedrooms-apartment-galaxy-residences-by-aristos,301,no,sitemap,1:1 host swap; path+query preserved
https://sweet-home.co.il/properties/6-bedrooms-villa-villa-superior-by-aristos,https://sweethome-immobilien.de/properties/6-bedrooms-villa-villa-superior-by-aristos,301,no,sitemap,1:1 host swap; path+query preserved
https://sweet-home.co.il/properties/4-bedrooms-villa-rosemarine-beachfront-residences-by-aristos,https://sweethome-immobilien.de/properties/4-bedrooms-villa-rosemarine-beachfront-residences-by-aristos,301,no,sitemap,1:1 host swap; path+query preserved
https://sweet-home.co.il/properties/3-bedrooms-apartment-pearl-park-residences-by-aristos,https://sweethome-immobilien.de/properties/3-bedrooms-apartment-pearl-park-residences-by-aristos,301,no,sitemap,1:1 host swap; path+query preserved
https://sweet-home.co.il/properties/3-bedrooms-apartment-serenity-court-by-aristos,https://sweethome-immobilien.de/properties/3-bedrooms-apartment-serenity-court-by-aristos,301,no,sitemap,1:1 host swap; path+query preserved
https://sweet-home.co.il/properties/3-bedroom-villa-aquamarine-coastal-villas-by-aristos,https://sweethome-immobilien.de/properties/3-bedroom-villa-aquamarine-coastal-villas-by-aristos,301,no,sitemap,1:1 host swap; path+query preserved
https://sweet-home.co.il/properties/4-bedroom-villa-aquamarine-coastal-villas-by-aristos,https://sweethome-immobilien.de/properties/4-bedroom-villa-aquamarine-coastal-villas-by-aristos,301,no,sitemap,1:1 host swap; path+query preserved
https://sweet-home.co.il/properties/3-bedroom-villa-pelagos-beachfront-villas-by-aristos,https://sweethome-immobilien.de/properties/3-bedroom-villa-pelagos-beachfront-villas-by-aristos,301,no,sitemap,1:1 host swap; path+query preserved
https://sweet-home.co.il/properties/4-bedroom-villa-pelagos-beachfront-villas-by-aristos,https://sweethome-immobilien.de/properties/4-bedroom-villa-pelagos-beachfront-villas-by-aristos,301,no,sitemap,1:1 host swap; path+query preserved
https://sweet-home.co.il/properties/5-bedroom-villa-pelagos-beachfront-villas-by-aristos,https://sweethome-immobilien.de/properties/5-bedroom-villa-pelagos-beachfront-villas-by-aristos,301,no,sitemap,1:1 host swap; path+query preserved
https://sweet-home.co.il/properties/3-bedrooom-apartment-onero-residences-by-aristos,https://sweethome-immobilien.de/properties/3-bedrooom-apartment-onero-residences-by-aristos,301,no,sitemap,1:1 host swap; path+query preserved
https://sweet-home.co.il/properties/3-bedroom-maisonette-onero-residences,https://sweethome-immobilien.de/properties/3-bedroom-maisonette-onero-residences,301,no,sitemap,1:1 host swap; path+query preserved
https://sweet-home.co.il/properties/4-bedroom-apartment-petridia-e,https://sweethome-immobilien.de/properties/4-bedroom-apartment-petridia-e,301,no,sitemap,1:1 host swap; path+query preserved
https://sweet-home.co.il/properties/3-bedroom-semi-detached-villa-gardens-view-villas-by-korantina-homes,https://sweethome-immobilien.de/properties/3-bedroom-semi-detached-villa-gardens-view-villas-by-korantina-homes,301,no,sitemap,1:1 host swap; path+query preserved
https://sweet-home.co.il/properties/1-bedroom-apartment-city-landmark-by-korantina-homes,https://sweethome-immobilien.de/properties/1-bedroom-apartment-city-landmark-by-korantina-homes,301,no,sitemap,1:1 host swap; path+query preserved
https://sweet-home.co.il/properties/2-bedroom-apartment-city-landmark-by-korantina-homes,https://sweethome-immobilien.de/properties/2-bedroom-apartment-city-landmark-by-korantina-homes,301,no,sitemap,1:1 host swap; path+query preserved
https://sweet-home.co.il/properties/3-bedroom-apartment-city-landmark-by-korantina-homes,https://sweethome-immobilien.de/properties/3-bedroom-apartment-city-landmark-by-korantina-homes,301,no,sitemap,1:1 host swap; path+query preserved
https://sweet-home.co.il/properties/4-bedroom-villa-sunset-view-villas-by-korantina-homes,https://sweethome-immobilien.de/properties/4-bedroom-villa-sunset-view-villas-by-korantina-homes,301,no,sitemap,1:1 host swap; path+query preserved
https://sweet-home.co.il/properties/4-bedroom-penthouse-inner-city-3-by-korantina-homes,https://sweethome-immobilien.de/properties/4-bedroom-penthouse-inner-city-3-by-korantina-homes,301,no,sitemap,1:1 host swap; path+query preserved
https://sweet-home.co.il/properties/3-bedroom-apartment-inner-city-3-by-korantina-homes,https://sweethome-immobilien.de/properties/3-bedroom-apartment-inner-city-3-by-korantina-homes,301,no,sitemap,1:1 host swap; path+query preserved
https://sweet-home.co.il/properties/2-bedroom-apartment-inner-city-3-by-korantina-homes,https://sweethome-immobilien.de/properties/2-bedroom-apartment-inner-city-3-by-korantina-homes,301,no,sitemap,1:1 host swap; path+query preserved
https://sweet-home.co.il/properties/4-bedroom-villa-golden-view-villas-by-korantina-homes,https://sweethome-immobilien.de/properties/4-bedroom-villa-golden-view-villas-by-korantina-homes,301,no,sitemap,1:1 host swap; path+query preserved
https://sweet-home.co.il/properties/3-bedroom-villa-golden-view-villas-by-korantina-homes,https://sweethome-immobilien.de/properties/3-bedroom-villa-golden-view-villas-by-korantina-homes,301,no,sitemap,1:1 host swap; path+query preserved
https://sweet-home.co.il/properties/3-bedroom-villa-infinity-by-medousa-developers,https://sweethome-immobilien.de/properties/3-bedroom-villa-infinity-by-medousa-developers,301,no,sitemap,1:1 host swap; path+query preserved
https://sweet-home.co.il/properties/4-bedroom-villa-infinity-by-medousa-developers,https://sweethome-immobilien.de/properties/4-bedroom-villa-infinity-by-medousa-developers,301,no,sitemap,1:1 host swap; path+query preserved
https://sweet-home.co.il/properties/2-bedroom-apartment-marelia-valley-by-medousa-developers,https://sweethome-immobilien.de/properties/2-bedroom-apartment-marelia-valley-by-medousa-developers,301,no,sitemap,1:1 host swap; path+query preserved
https://sweet-home.co.il/properties/5-bedroom-villa-golden-hills-by-medousa-developers,https://sweethome-immobilien.de/properties/5-bedroom-villa-golden-hills-by-medousa-developers,301,no,sitemap,1:1 host swap; path+query preserved
https://sweet-home.co.il/properties/4-bedroom-villa-goldes-hills-by-medousa-developers,https://sweethome-immobilien.de/properties/4-bedroom-villa-goldes-hills-by-medousa-developers,301,no,sitemap,1:1 host swap; path+query preserved
https://sweet-home.co.il/properties/3-bedroom-villa-goldes-hills-by-medousa-developers,https://sweethome-immobilien.de/properties/3-bedroom-villa-goldes-hills-by-medousa-developers,301,no,sitemap,1:1 host swap; path+query preserved
https://sweet-home.co.il/properties/3-bedroom-villa-city-views-by-medousa-developers,https://sweethome-immobilien.de/properties/3-bedroom-villa-city-views-by-medousa-developers,301,no,sitemap,1:1 host swap; path+query preserved
https://sweet-home.co.il/properties/3-bedroom-villa-the-pearl-residences-by-medousa-developers,https://sweethome-immobilien.de/properties/3-bedroom-villa-the-pearl-residences-by-medousa-developers,301,no,sitemap,1:1 host swap; path+query preserved
https://sweet-home.co.il/properties/2-bedroom-apartment-michelle-park-by-medousa-developers,https://sweethome-immobilien.de/properties/2-bedroom-apartment-michelle-park-by-medousa-developers,301,no,sitemap,1:1 host swap; path+query preserved
https://sweet-home.co.il/properties/2-bedroom-duplex-michelle-park-by-medousa-developers,https://sweethome-immobilien.de/properties/2-bedroom-duplex-michelle-park-by-medousa-developers,301,no,sitemap,1:1 host swap; path+query preserved
https://sweet-home.co.il/properties/2-bedroom-penthouse-michelle-park-by-medousa-developers,https://sweethome-immobilien.de/properties/2-bedroom-penthouse-michelle-park-by-medousa-developers,301,no,sitemap,1:1 host swap; path+query preserved
https://sweet-home.co.il/properties/1-bedroom-apartment-tm-boutique-by-medousa-developers,https://sweethome-immobilien.de/properties/1-bedroom-apartment-tm-boutique-by-medousa-developers,301,no,sitemap,1:1 host swap; path+query preserved
https://sweet-home.co.il/properties/studio-apartment-azizi-milan,https://sweethome-immobilien.de/properties/studio-apartment-azizi-milan,301,no,sitemap,1:1 host swap; path+query preserved
https://sweet-home.co.il/properties/1-bedroom-apartment-azizi-milan,https://sweethome-immobilien.de/properties/1-bedroom-apartment-azizi-milan,301,no,sitemap,1:1 host swap; path+query preserved
https://sweet-home.co.il/projects/amore-hills-by-medousa-developers,https://sweethome-immobilien.de/projects/amore-hills-by-medousa-developers,301,no,sitemap,1:1 host swap; path+query preserved
https://sweet-home.co.il/projects/aurelia-homes-by-aristo-developers,https://sweethome-immobilien.de/projects/aurelia-homes-by-aristo-developers,301,no,sitemap,1:1 host swap; path+query preserved
https://sweet-home.co.il/projects/azure-living-by-medousa-developers,https://sweethome-immobilien.de/projects/azure-living-by-medousa-developers,301,no,sitemap,1:1 host swap; path+query preserved
https://sweet-home.co.il/projects/azizi-venice,https://sweethome-immobilien.de/projects/azizi-venice,301,no,sitemap,1:1 host swap; path+query preserved
https://sweet-home.co.il/projects/marshall-one-by-d-h,https://sweethome-immobilien.de/projects/marshall-one-by-d-h,301,no,sitemap,1:1 host swap; path+query preserved
https://sweet-home.co.il/projects/wieland-pestalozzi-by-d-h,https://sweethome-immobilien.de/projects/wieland-pestalozzi-by-d-h,301,no,sitemap,1:1 host swap; path+query preserved
https://sweet-home.co.il/projects/inner-city-3-by-korantina-homes,https://sweethome-immobilien.de/projects/inner-city-3-by-korantina-homes,301,no,sitemap,1:1 host swap; path+query preserved
https://sweet-home.co.il/projects/sea-caves-villas,https://sweethome-immobilien.de/projects/sea-caves-villas,301,no,sitemap,1:1 host swap; path+query preserved
https://sweet-home.co.il/projects/cypress-park-retirement-village-5-independent-senior-living,https://sweethome-immobilien.de/projects/cypress-park-retirement-village-5-independent-senior-living,301,no,sitemap,1:1 host swap; path+query preserved
https://sweet-home.co.il/projects/cap-st-georges-hotel-villas,https://sweethome-immobilien.de/projects/cap-st-georges-hotel-villas,301,no,sitemap,1:1 host swap; path+query preserved
https://sweet-home.co.il/projects/golden-view-villas,https://sweethome-immobilien.de/projects/golden-view-villas,301,no,sitemap,1:1 host swap; path+query preserved
https://sweet-home.co.il/projects/gardens-view-villas-by-korantina-homes,https://sweethome-immobilien.de/projects/gardens-view-villas-by-korantina-homes,301,no,sitemap,1:1 host swap; path+query preserved
https://sweet-home.co.il/projects/soho-resort,https://sweethome-immobilien.de/projects/soho-resort,301,no,sitemap,1:1 host swap; path+query preserved
https://sweet-home.co.il/projects/adonidos-gardens-modern-apartments-in-geroskipou,https://sweethome-immobilien.de/projects/adonidos-gardens-modern-apartments-in-geroskipou,301,no,sitemap,1:1 host swap; path+query preserved
https://sweet-home.co.il/projects/panorama-apartments-medousa-developers,https://sweethome-immobilien.de/projects/panorama-apartments-medousa-developers,301,no,sitemap,1:1 host swap; path+query preserved
https://sweet-home.co.il/projects/sunset-view-villas-by-korantina-homes,https://sweethome-immobilien.de/projects/sunset-view-villas-by-korantina-homes,301,no,sitemap,1:1 host swap; path+query preserved
https://sweet-home.co.il/projects/trinity-residences-by-aristo-developments,https://sweethome-immobilien.de/projects/trinity-residences-by-aristo-developments,301,no,sitemap,1:1 host swap; path+query preserved
https://sweet-home.co.il/projects/premier-residences-by-aristo-developers,https://sweethome-immobilien.de/projects/premier-residences-by-aristo-developers,301,no,sitemap,1:1 host swap; path+query preserved
https://sweet-home.co.il/projects/golden-hills-by-medousa-developers,https://sweethome-immobilien.de/projects/golden-hills-by-medousa-developers,301,no,sitemap,1:1 host swap; path+query preserved
https://sweet-home.co.il/projects/azizi-arian,https://sweethome-immobilien.de/projects/azizi-arian,301,no,sitemap,1:1 host swap; path+query preserved
https://sweet-home.co.il/projects/city-views-by-medousa-developers,https://sweethome-immobilien.de/projects/city-views-by-medousa-developers,301,no,sitemap,1:1 host swap; path+query preserved
https://sweet-home.co.il/projects/the-pearl-residences,https://sweethome-immobilien.de/projects/the-pearl-residences,301,no,sitemap,1:1 host swap; path+query preserved
https://sweet-home.co.il/projects/city-landmark-by-korantina-homes,https://sweethome-immobilien.de/projects/city-landmark-by-korantina-homes,301,no,sitemap,1:1 host swap; path+query preserved
https://sweet-home.co.il/projects/azizi-milan,https://sweethome-immobilien.de/projects/azizi-milan,301,no,sitemap,1:1 host swap; path+query preserved
https://sweet-home.co.il/projects/michelle-park,https://sweethome-immobilien.de/projects/michelle-park,301,no,sitemap,1:1 host swap; path+query preserved
https://sweet-home.co.il/projects/eckert-carre-by-d-h,https://sweethome-immobilien.de/projects/eckert-carre-by-d-h,301,no,sitemap,1:1 host swap; path+query preserved
https://sweet-home.co.il/projects/grigio-court-by-aristo-developers,https://sweethome-immobilien.de/projects/grigio-court-by-aristo-developers,301,no,sitemap,1:1 host swap; path+query preserved
https://sweet-home.co.il/projects/tm-boutique,https://sweethome-immobilien.de/projects/tm-boutique,301,no,sitemap,1:1 host swap; path+query preserved
https://sweet-home.co.il/projects/azizi-riviera-r-ve-at-meydan-mbr-city,https://sweethome-immobilien.de/projects/azizi-riviera-r-ve-at-meydan-mbr-city,301,no,sitemap,1:1 host swap; path+query preserved
https://sweet-home.co.il/projects/al-furjan,https://sweethome-immobilien.de/projects/al-furjan,301,no,sitemap,1:1 host swap; path+query preserved
https://sweet-home.co.il/projects/meteora-residential-development-by-aristos,https://sweethome-immobilien.de/projects/meteora-residential-development-by-aristos,301,no,sitemap,1:1 host swap; path+query preserved
https://sweet-home.co.il/projects/melania-begania-residences-by-aristos,https://sweethome-immobilien.de/projects/melania-begania-residences-by-aristos,301,no,sitemap,1:1 host swap; path+query preserved
https://sweet-home.co.il/projects/avora-court-by-aristos,https://sweethome-immobilien.de/projects/avora-court-by-aristos,301,no,sitemap,1:1 host swap; path+query preserved
https://sweet-home.co.il/projects/galaxy-residences-by-aristos,https://sweethome-immobilien.de/projects/galaxy-residences-by-aristos,301,no,sitemap,1:1 host swap; path+query preserved
https://sweet-home.co.il/projects/villa-superior-by-aristos,https://sweethome-immobilien.de/projects/villa-superior-by-aristos,301,no,sitemap,1:1 host swap; path+query preserved
https://sweet-home.co.il/projects/rosemarine-beachfront-residences-by-aristos,https://sweethome-immobilien.de/projects/rosemarine-beachfront-residences-by-aristos,301,no,sitemap,1:1 host swap; path+query preserved
https://sweet-home.co.il/projects/pearl-park-residences-by-aristos,https://sweethome-immobilien.de/projects/pearl-park-residences-by-aristos,301,no,sitemap,1:1 host swap; path+query preserved
https://sweet-home.co.il/projects/serenity-court-by-aristos,https://sweethome-immobilien.de/projects/serenity-court-by-aristos,301,no,sitemap,1:1 host swap; path+query preserved
https://sweet-home.co.il/projects/zephyros-village-3-by-aristos,https://sweethome-immobilien.de/projects/zephyros-village-3-by-aristos,301,no,sitemap,1:1 host swap; path+query preserved
https://sweet-home.co.il/projects/pelagos-beachfront-villas-by-aristos,https://sweethome-immobilien.de/projects/pelagos-beachfront-villas-by-aristos,301,no,sitemap,1:1 host swap; path+query preserved
https://sweet-home.co.il/projects/angelonia-gardens-2-by-aristos,https://sweethome-immobilien.de/projects/angelonia-gardens-2-by-aristos,301,no,sitemap,1:1 host swap; path+query preserved
https://sweet-home.co.il/projects/azalea-villas-by-aristos,https://sweethome-immobilien.de/projects/azalea-villas-by-aristos,301,no,sitemap,1:1 host swap; path+query preserved
https://sweet-home.co.il/projects/aquamarine-coastal-villas-by-aristos,https://sweethome-immobilien.de/projects/aquamarine-coastal-villas-by-aristos,301,no,sitemap,1:1 host swap; path+query preserved
https://sweet-home.co.il/projects/petridia-e-by-aristos,https://sweethome-immobilien.de/projects/petridia-e-by-aristos,301,no,sitemap,1:1 host swap; path+query preserved
https://sweet-home.co.il/projects/onero-residences-by-aristos,https://sweethome-immobilien.de/projects/onero-residences-by-aristos,301,no,sitemap,1:1 host swap; path+query preserved
https://sweet-home.co.il/projects/azizi-ruby,https://sweethome-immobilien.de/projects/azizi-ruby,301,no,sitemap,1:1 host swap; path+query preserved
https://sweet-home.co.il/projects/burj-azizi,https://sweethome-immobilien.de/projects/burj-azizi,301,no,sitemap,1:1 host swap; path+query preserved
https://sweet-home.co.il/projects/am-winterfeldt,https://sweethome-immobilien.de/projects/am-winterfeldt,301,no,sitemap,1:1 host swap; path+query preserved
https://sweet-home.co.il/projects/the-franz-by-d-h,https://sweethome-immobilien.de/projects/the-franz-by-d-h,301,no,sitemap,1:1 host swap; path+query preserved
https://sweet-home.co.il/projects/andriana-court-by-aristo,https://sweethome-immobilien.de/projects/andriana-court-by-aristo,301,no,sitemap,1:1 host swap; path+query preserved
https://sweet-home.co.il/projects/infinity,https://sweethome-immobilien.de/projects/infinity,301,no,sitemap,1:1 host swap; path+query preserved
https://sweet-home.co.il/projects/marelia-valley-by-medousa-developers,https://sweethome-immobilien.de/projects/marelia-valley-by-medousa-developers,301,no,sitemap,1:1 host swap; path+query preserved
https://sweet-home.co.il/blog/buying-property-in-paphos-as-a-foreigner,https://sweethome-immobilien.de/blog/buying-property-in-paphos-as-a-foreigner,301,no,sitemap,1:1 host swap; path+query preserved
https://sweet-home.co.il/blog/best-berlin-districts-for-families,https://sweethome-immobilien.de/blog/best-berlin-districts-for-families,301,no,sitemap,1:1 host swap; path+query preserved
https://sweet-home.co.il/blog/best-areas-to-buy-property-in-paphos,https://sweethome-immobilien.de/blog/best-areas-to-buy-property-in-paphos,301,no,sitemap,1:1 host swap; path+query preserved
https://sweet-home.co.il/blog/new-build-vs-altbau-in-berlin-which-is-better,https://sweethome-immobilien.de/blog/new-build-vs-altbau-in-berlin-which-is-better,301,no,sitemap,1:1 host swap; path+query preserved
https://sweet-home.co.il/blog/berlin-rental-laws-explained-for-property-buyers,https://sweethome-immobilien.de/blog/berlin-rental-laws-explained-for-property-buyers,301,no,sitemap,1:1 host swap; path+query preserved
https://sweet-home.co.il/blog/kato-paphos-the-mediterraneans-quiet-overperformer,https://sweethome-immobilien.de/blog/kato-paphos-the-mediterraneans-quiet-overperformer,301,no,sitemap,1:1 host swap; path+query preserved
https://sweet-home.co.il/blog/berlin-real-estate-investment-guide-2026,https://sweethome-immobilien.de/blog/berlin-real-estate-investment-guide-2026,301,no,sitemap,1:1 host swap; path+query preserved
https://sweet-home.co.il/blog/what-300k-buys-you-in-paphos-right-now,https://sweethome-immobilien.de/blog/what-300k-buys-you-in-paphos-right-now,301,no,sitemap,1:1 host swap; path+query preserved
https://sweet-home.co.il/blog/how-smart-investors-buy-berlin-at-a-40-discount,https://sweethome-immobilien.de/blog/how-smart-investors-buy-berlin-at-a-40-discount,301,no,sitemap,1:1 host swap; path+query preserved
https://sweet-home.co.il/blog/how-foreigners-can-buy-property-in-berlin,https://sweethome-immobilien.de/blog/how-foreigners-can-buy-property-in-berlin,301,no,sitemap,1:1 host swap; path+query preserved
https://sweet-home.co.il/blog/best-berlin-districts-for-property-investment,https://sweethome-immobilien.de/blog/best-berlin-districts-for-property-investment,301,no,sitemap,1:1 host swap; path+query preserved
https://sweet-home.co.il/blog/why-paphos-is-attracting-international-property-buyers,https://sweethome-immobilien.de/blog/why-paphos-is-attracting-international-property-buyers,301,no,sitemap,1:1 host swap; path+query preserved
https://sweet-home.co.il/blog/what-to-check-before-buying-an-apartment-in-berlin,https://sweethome-immobilien.de/blog/what-to-check-before-buying-an-apartment-in-berlin,301,no,sitemap,1:1 host swap; path+query preserved
https://sweet-home.co.il/blog/hidden-costs-of-buying-property-in-berlin,https://sweethome-immobilien.de/blog/hidden-costs-of-buying-property-in-berlin,301,no,sitemap,1:1 host swap; path+query preserved
https://sweet-home.co.il/en/blog/buying-property-in-paphos-as-a-foreigner,https://sweethome-immobilien.de/en/blog/buying-property-in-paphos-as-a-foreigner,301,no,sitemap,1:1 host swap; path+query preserved
https://sweet-home.co.il/en/blog/best-berlin-districts-for-families,https://sweethome-immobilien.de/en/blog/best-berlin-districts-for-families,301,no,sitemap,1:1 host swap; path+query preserved
https://sweet-home.co.il/en/blog/best-areas-to-buy-property-in-paphos,https://sweethome-immobilien.de/en/blog/best-areas-to-buy-property-in-paphos,301,no,sitemap,1:1 host swap; path+query preserved
https://sweet-home.co.il/en/blog/new-build-vs-altbau-in-berlin-which-is-better,https://sweethome-immobilien.de/en/blog/new-build-vs-altbau-in-berlin-which-is-better,301,no,sitemap,1:1 host swap; path+query preserved
https://sweet-home.co.il/en/blog/berlin-rental-laws-explained-for-property-buyers,https://sweethome-immobilien.de/en/blog/berlin-rental-laws-explained-for-property-buyers,301,no,sitemap,1:1 host swap; path+query preserved
https://sweet-home.co.il/en/blog/kato-paphos-the-mediterraneans-quiet-overperformer,https://sweethome-immobilien.de/en/blog/kato-paphos-the-mediterraneans-quiet-overperformer,301,no,sitemap,1:1 host swap; path+query preserved
https://sweet-home.co.il/en/blog/berlin-real-estate-investment-guide-2026,https://sweethome-immobilien.de/en/blog/berlin-real-estate-investment-guide-2026,301,no,sitemap,1:1 host swap; path+query preserved
https://sweet-home.co.il/en/blog/what-300k-buys-you-in-paphos-right-now,https://sweethome-immobilien.de/en/blog/what-300k-buys-you-in-paphos-right-now,301,no,sitemap,1:1 host swap; path+query preserved
https://sweet-home.co.il/en/blog/how-smart-investors-buy-berlin-at-a-40-discount,https://sweethome-immobilien.de/en/blog/how-smart-investors-buy-berlin-at-a-40-discount,301,no,sitemap,1:1 host swap; path+query preserved
https://sweet-home.co.il/en/blog/how-foreigners-can-buy-property-in-berlin,https://sweethome-immobilien.de/en/blog/how-foreigners-can-buy-property-in-berlin,301,no,sitemap,1:1 host swap; path+query preserved
https://sweet-home.co.il/en/blog/best-berlin-districts-for-property-investment,https://sweethome-immobilien.de/en/blog/best-berlin-districts-for-property-investment,301,no,sitemap,1:1 host swap; path+query preserved
https://sweet-home.co.il/en/blog/why-paphos-is-attracting-international-property-buyers,https://sweethome-immobilien.de/en/blog/why-paphos-is-attracting-international-property-buyers,301,no,sitemap,1:1 host swap; path+query preserved
https://sweet-home.co.il/en/blog/what-to-check-before-buying-an-apartment-in-berlin,https://sweethome-immobilien.de/en/blog/what-to-check-before-buying-an-apartment-in-berlin,301,no,sitemap,1:1 host swap; path+query preserved
https://sweet-home.co.il/en/blog/hidden-costs-of-buying-property-in-berlin,https://sweethome-immobilien.de/en/blog/hidden-costs-of-buying-property-in-berlin,301,no,sitemap,1:1 host swap; path+query preserved
http://sweet-home.co.il/,https://sweethome-immobilien.de/,301,no,host-variant,http + apex → https .de same path
https://www.sweet-home.co.il/en,https://sweethome-immobilien.de/en,301,no,host-variant,www → non-www .de same path
